channel,epoch,followers,video_count,avg10View,avg10Like,avg10Comment,frequency,predict_view,predict_like,predict_comment,view
RIT Verse,125870973,1550,369,733,11,2,3727189,167279,97,0,733
HOYO-MiX,163004320,540000,29,1849312,21414,322,2441909,1211395,543,0,1849312
Miko,343651776,12500,1082,9601,257,42,976761,271691,281,1,9601
Memo Zero,155394336,330000,2719,300933,10025,126,3168167,322570,416,0,300933
Sia Playz Genshin,84969232,1,2,1,0,0,0,353728,0,0,1
GIBlacky,84810510,32600,37,373483,13701,737,6516191,4052496,5761,7,373483
GENSHIN IMPACT STORY,368108647,12,3,454,23,0,207622,13382709,26275,0,454
Stelaryss,335934865,38200,473,13749,1499,134,3262948,127314,537,1,13749
Yoshino,141487462,43700,615,869220,22070,182,3052634,7035868,6923,1,869220
red warrior,326347741,6780,1860,13709,303,81,13545202,715229,612,4,13709
Casual Genshin impact,165835586,8,3,9,1,0,61748,397944,1713,0,9
Unreal Dreamer,307847847,90700,1418,15172,870,38,7257042,59170,131,0,15172
TheMusicInMe777,398839749,8600,1501,4590,129,13,11063802,188792,205,0,4590
Bora “Slit” Yeşilırmak,354819064,76000,1840,43325,1850,193,20851940,201648,333,0,43325
Time2Login,101183568,24200,829,12745,357,164,1535701,186291,202,2,12745
AsPig,161437724,43600,829,15786,837,119,14697857,128072,263,0,15786
Genshin’d the Impact,104859480,155,28,1656,89,3,4730270,3779184,7871,6,1656
Asphi,250278418,183,18,3589,74,13,7138306,6937321,5543,24,3589
Yayo,218540780,15100,405,29672,1950,33,9648002,695087,1770,0,29672
Genshin Male Ragdoll,68846948,82,94,371,11,1,6829718,1600403,1839,4,371
Genshin Impact OST,113232595,12,13,520,14,0,2293834,15328213,15993,0,520
zKodla,167839288,69100,895,28192,989,46,4644974,144316,196,0,28192
GENSHIN IMPACT,125341791,9,18,44,3,0,911483,1729336,4569,0,44
Chloe Plays Genshin Impact,161240173,4,1,12,5,2,0,1061184,17136,174,12
Genshin Impact Podcasts Official,100185309,8,2,6,0,0,15617564,265296,0,0,6
Phantom - Genshin Impact,174567717,355,23,477,28,0,553375,475290,1081,0,477
Genshin Impact YouTube Channel ,154082935,97,19,9,1,0,2523611,32820,141,0,9
EraserVT,171598276,29300,1522,4236,427,7,27820948,51139,199,0,4236
SenseiChris,239719435,12,15,34,3,0,1660975,1002229,3427,0,34
Genshin T+,151266698,12,10,1393,18,1,683655,41061925,20563,29,1393
Genshin Impact Banga,144331384,30700,614,151863,9509,84,4868005,1749778,4246,0,151863
SoTa Genshin,98702976,3,8,83,3,0,50139,9786474,13709,0,83
Callie's Cozy Nook,128536,3,2,9,1,0,0,1061184,4569,0,9
Miron MinMax,113153583,138000,290,102884,5483,828,7771925,263717,544,2,102884
Damage Hacker - Genshin Impact,165526621,63,31,677,19,2,443999,3801172,4134,11,677
mellow Genshin Channel,405598189,672,232,2288,45,4,3244298,1204359,918,2,2288
Nahida Plays Genshin Impact,17008307,2,1,9,3,1,0,1591776,20563,174,9
💫Norrei Studios💫,27183751,4,6,1375,19,1,436171,121594000,65117,87,1375
E,121776903,116000,193,160150,13906,1365,8995599,488358,1643,4,160150
Genshin Impact | Fan channel,145114026,1,15,26,1,0,527634,9196928,13709,0,26
Gnik,225759365,73700,45,1025796,41767,2586,4782892,4923375,7769,12,1025796
Denyi,166188225,1130,68,8721,290,8,5904278,2729966,3518,2,8721
Leo TCG,439699478,116000,1562,63557,1075,108,19351230,193809,127,0,63557
KyoStinV,283677154,765000,3774,2798,149,18,54941,1293,2,0,2798
Genshin Impact Music,221198362,7,5,117,3,0,12384840,5912310,5875,0,117
revulnia,174648450,798,3,0,0,0,0,0,0,0,0
Farabi Hasan Music,144523111,14000,138,144056,2816,172,6921646,3639760,2757,4,144056
lement,98441180,12900,347,29402,1443,47,1218067,806225,1533,1,29402
DafDazDay,212301192,13700,1474,32585,584,83,8662813,841330,584,2,32585
Icecool,132132,1,1,14,1,0,0,4952192,13709,0,14
Mamba Uchiha Tv,316719124,13200,2868,16887,670,51,2672511,452530,695,1,16887
Acey,158336354,17700,622,226731,11093,312,5683174,4531135,8591,6,226731
animex_112,33247033,32,39,276,9,1,308311,3050904,3855,10,276
Tony To,173197607,219000,1272,177210,8369,445,6766291,286228,523,0,177210
Furina impact ,50756840,2480,95,10650,276,101,963816,1519033,1525,14,10650
Baba of genshin impact ,5060684,222,37,47974,1625,11,469460,76440302,100347,17,47974
Floating Guide,39373354,169,38,2361,59,28,3964145,4941726,4785,57,2361
Kinich genshin impact,40859214,6,9,71,5,0,102991,4185781,11424,0,71
W1LLy Genshin,138317427,358,146,38423,770,32,9569865,37964499,29485,31,38423
KKOMDA,338723665,646000,98,3347734,109343,3010,17212598,1833107,2320,1,3347734
mie ♡,44913455,18600,66,20841,1181,142,3181789,396346,870,2,20841
Genshin_FAN,15864352,65,55,57,0,0,263162,310192,0,0,57
m1s3n,306969569,437000,1224,662693,37560,601,11107490,536414,1178,0,662693
ChronicleImpact Channel,194704702,61,43,578,34,4,363125,3351717,7641,22,578
pyro.b-tch,187899547,220,111,1350,23,2,2891163,2170603,1433,3,1350
Genshin lover,17607828,184,154,11334,577,42,561671,21788875,42989,79,11334
Dreamscape Archives | Genshin Lore,14194116,693,94,1959,79,10,1349402,999932,1562,5,1959
Arctic TV,274361426,11000,639,18351,381,85,6595365,590114,474,2,18351
LunASMR,158830323,77900,123,227872,5406,804,16780993,1034720,951,3,227872
Larua,72679158,4580,558,15359,1009,49,10027978,1186224,3020,3,15359
PHYTON,114293543,193,244,2607,59,0,2081987,4778077,4190,0,2607
RajRomeoGaming,440972615,25900,680,19989,843,59,15975037,272998,446,0,19989
Rowdy Gamerz,98448658,10900,1394,240218,6080,67,3091191,7795580,7646,2,240218
Polia,312319518,140000,958,89845,4941,91,10300050,227004,483,0,89845
Genshin Impact Cool,173108760,61,35,178,3,1,758771,1032189,674,5,178
My Genshin Impact Journey,112215805,1,2,3,0,1,79896,1061184,0,348,3
Flip,317119356,20300,322,26556,1051,293,9566101,462738,709,5,26556
SuperaTom,166932078,40000,772,19498,344,106,1603170,172424,117,0,19498
Braxophone,233434456,424000,818,435352,29253,376,7171220,363198,945,0,435352
Emy,302512726,65,9,6804,335,4,15456896,37027158,70654,21,6804
PickyChoco,415720262,20800,363,21269,567,48,13095443,361703,373,0,21269
Madhu Op Gaming Genshin Impact ,198244388,1090,9,55,7,1,1672368,17848,88,0,55
HaruVT,94205039,32600,246,52154,5180,132,7419513,565899,2178,1,52154
ENDYMIONtv,164612804,397000,1012,69912,3751,1054,19495198,62291,129,0,69912
Vector-2 Genshin Impact,25974057,2,2,622,5,2,2045929,110009408,34272,348,622
itspaikon,173157351,571000,307,2246128,71637,1128,14814131,1391450,1719,0,2246128
Genshin Impact times,23309791,1,2,29,2,0,79105,10258112,27418,0,29
Jedo Mo | Genshin Impact,7376559,1,11,83,1,0,44174,29359424,13709,0,83
Fia-chan channel!,287336472,28,22,119,2,0,953230,1503344,979,0,119
GenShin impact TV,199050252,2,4,6,0,0,6344535,1061184,0,0,6
Swirv - Genshin Impact,314941457,36,0,0,0,0,0,0,0,0,0
genshin impact funny daily,173601082,19,6,667,30,4,2145345,12417714,21645,73,667
Yuy,367749510,6270,798,13708,415,6,12584695,773349,907,0,13708
Ashikai,245294625,284000,277,205188,9997,721,12122204,255565,482,0,205188
RiuxGame,164529646,7030,1442,3666,190,24,7040740,184461,370,1,3666
Pochi Quiz,43646754,11000,75,104838,2751,179,3317348,3371285,3428,5,104838
Redz Gamer - Official Channel,164308370,176,2536,154,2,0,8629577,309512,155,0,154
Happy Gaming Cats,127725970,10700,38,41521,1240,116,15263507,1372629,1588,3,41521
JENI GAMING,299974029,1440000,1324,151668,6944,421,12160573,37256,66,0,151668
JustLikeThatYouKnow,430125262,5,11,956,50,0,5005509,67632793,137090,0,956
Genshin Odissey,45663341,1,6,5,0,0,543973,1768640,0,0,5
KatsuNami,660530,1,1,8,3,1,0,2829824,41127,348,8
عشوائياة قصيره,78427669,12,11,123,3,0,223244,3625712,3427,0,123
Wren,60079081,43900,63,124000,5525,247,5932000,999140,1725,1,124000
Elshan (Genshin Impact),121539887,1210,76,2329,125,5,11542373,680853,1416,1,2329
jyolikearock,387811015,22600,112,432705,19156,486,12242263,6772560,11619,7,432705
Dody - Genshin Impact,69165499,17,8,2665,74,1,55082,55452065,59674,20,2665
xianyun daily ,44532083,26000,140,37033,1455,320,4810713,503831,767,4,37033
@Genshin impact official ,16122076,70,207,664,6,0,1130749,3355362,1175,0,664
Nekogitsune,277308980,18200,213,14411,649,95,1530151,280086,488,1,14411
Saving for Signora,95941978,2660,631,11561,890,89,8926396,1537386,4586,11,11561
Bril Genshin,94344854,15,35,1313,11,0,49593,30962990,10053,0,1313
Kuno - Genshin Impact,135956168,9,87,15,0,0,8586962,589546,0,0,15
Alcarin Genshin,6568387,6,9,222,4,0,855250,13087936,9139,0,222
BranOnline,219415704,403000,1931,1838308,128834,920,8413507,1613550,4382,0,1838308
Ayayaya,284724120,13200,338,73946,3023,166,4036757,1981573,3139,4,73946
Mario_Destroyer,154660606,73200,1080,30447,2412,129,6633570,147130,451,0,30447
Genshin.Impact2024 Channel,155725327,3,4,16,2,0,550661,1886549,9139,0,16
Crying Aqua,337880578,144000,527,78757,5472,163,10281500,193462,520,0,78757
JaidenAnimations,383096699,15100000,252,9660722,596792,15591,7285999,226309,541,0,9660722
BuildVision Studio,74166990,3050,135,361,27,0,699395,41867,121,0,361
Shakom,267618008,61300,975,58251,2243,132,3428791,336133,501,0,58251
Gacha_eddicts,7140949,265,57,5170,218,23,769760,6901033,11277,30,5170
Traveler of Genshin Impact ,79220798,4,32,94,2,0,5874146,8312608,6854,0,94
saber,68781305,36300,62,166190,5652,208,6853305,1619450,2134,1,166190
TeamChannel[TM],165523543,31000,133,38828,1538,135,17570401,443050,680,1,38828
Brando Chill & Games,375276648,1680000,418,195756,6349,473,4659035,41216,51,0,195756
Juice,459093903,76900,770,18736,705,201,4288355,86182,125,0,18736
mrdandandan,152965805,13500,179,77692,3985,113,2091061,2035691,4046,2,77692
Miton Gaming,45762745,84,22,449,11,0,108482,1890760,1795,0,449
Prеtender,98944995,16700,716,13901,236,27,1376539,294441,193,0,13901
Orobashi Gaming,1469352,1,2,0,0,0,0,0,0,0,0
TM-Genshin Impact,145630254,1,3,790,1,0,59402811,279445120,13709,0,790
Duke Singh,266733273,431,390,178,4,1,8940204,146087,127,0,178
DARLUNG GAMING,184489772,2810000,2193,1157196,22823,1456,21404384,145669,111,0,1157196
Berry Demon,148337408,37400,854,75300,7328,237,10208615,712184,2686,2,75300
Daily Dose Of Genshin Impact,135744356,5,1,323,13,1,0,22850828,35643,69,323
Gilgamesh,330104606,86600,261,474783,46439,315,5852799,1939307,7351,1,474783
喵太Miota,322598799,269000,47,1627762,103428,2184,8552942,2140464,5270,2,1627762
Genshin Impact Cutscenes,162994667,297,534,171,4,0,17401541,203661,184,0,171
FauzanNyan Channel,347396154,16900,3794,25418,602,27,15103471,532015,488,0,25418
weightless,219110220,48400,111,195446,5199,240,7592632,1428403,1472,1,195446
Guin's Channel,38652735,167000,1779,79357,6026,80,3641998,168088,494,0,79357
AZureMaxx,198339887,55700,3261,318435,12723,461,16836993,2022250,3131,2,318435
Wei 🔅,251155273,339000,43,481878,32561,1730,16097691,502813,1316,1,481878
SevenPls,333617759,28900,132,76500,3132,238,10240520,936338,1485,2,76500
Cherri 🍒,30022493,31,1,0,0,0,0,0,0,0,0
Scar TV,199232098,13200,252,40499,2801,131,3407996,1085275,2909,3,40499
Genshin Impact game play,317409170,3,45,6,2,0,452397,707456,9139,0,6
Zaria,150715448,65,38,283,10,1,5662481,1540077,2109,5,283
Gacha Gamer,192163662,405000,514,258085,8109,981,4123679,225412,274,0,258085
Buttered Side Down,286867163,7180000,114,16916072,124066,5243,25770752,833382,236,0,16916072
Qara Gaming,385031,10,0,0,0,0,0,0,0,0,0
сыр,174824142,154000,126,78741,4474,198,3022477,180862,398,0,78741
原神-Genshin-公式,207973916,2120000,2245,692002,27730,730,4031999,115462,179,0,692002
Stuff Around,190126289,967,1954,381,14,1,12960034,139369,198,0,381
Genshin Impact · Cloud - Topic,37620854,56,0,0,0,0,0,0,0,0,0
Genshin Impact Moments,290359497,3080,54,789,27,0,3185177,90614,120,0,789
Hannif Channel,400175231,5730,1976,590,16,3,2037501,36422,38,0,590
GodDoggosGenshin,171190505,8410,23,8394,482,78,2265981,353055,785,3,8394
Luck Seekers,112370918,11000,974,15982,976,46,11843201,513934,1216,1,15982
MMOJACKX57,351573685,153000,9278,48906,2120,76,5809046,113068,189,0,48906
꒰ aiko ꒱ ,22835797,143,0,0,0,0,0,0,0,0,0
flattiboy,297276446,1170000,235,541727,18863,1558,11879560,163781,221,0,541727
HydraTV: Đạt Rất Nghiêm Túc,166218874,303000,2081,28559,903,185,1814054,33340,40,0,28559
tnbee,188219329,273000,499,966798,17498,388,19497341,1252686,878,0,966798
CartharsisYT,230610299,52400,1873,8850,455,56,8855100,59742,119,0,8850
justheli,270738636,27,32,296,8,5,4507597,3877906,4061,64,296
ريبلاي | REPLAY,348877179,186000,1135,115718,7935,367,21624681,220068,584,0,115718
Genshin Channel,145042475,317,72,10072,530,12,657712,11238953,22920,13,10072
Gacht,100765201,77900,299,21557,1831,188,1544824,97885,322,0,21557
Amaan - Genshin Impact,145885166,2270,3,10590,783,124,172808,1650211,4728,19,10590
Cowcow_is_senpai,27247447,45,11,0,0,0,0,0,0,0,0
KG Channel Genshin Impact,148002693,5,4,51,1,0,149434,3608025,2741,0,51
Dragon2,187903258,7840,43,98652,4592,160,12082553,4451017,8029,7,98652
Stormz67,135354205,615000,89,5794347,322504,2092,4478635,3332719,7188,1,5794347
Kirby Kyra,344208151,3470,868,12205,186,12,12368826,1244164,734,1,12205
dillongoo,445033807,1450000,140,3159715,173425,2279,10747434,770813,1639,0,3159715
Genshin Impact - Topic,212783777,528000,0,0,0,0,0,0,0,0,0
4K Genshin,164150508,67,35,2706,87,3,3414743,14286387,17801,15,2706
BookSmartsWithZhongliandNeuvi,487575,6,6,1079,18,0,80820,63612085,41127,0,1079
Genshin Impact Story,8068817,1,3,7,1,1,80516,2476096,13709,348,7
Genshin Impact Archive,102787055,5,67,324,16,1,1027830,22921574,43868,69,324
Only Genshin Impact,155951812,4,7,174,5,0,1008522,15387168,17136,0,174
Tenha,368208014,450000,1094,902751,51176,376,10713400,709618,1559,0,902751
Enthralpy,399563610,149000,162,1689151,121552,839,8278396,4010067,11183,1,1689151
Spielestyler - Genshin Impact,103899391,4890,4010,731,33,3,11126619,52878,92,0,731
GenshinImpact myanmar guild channel,92525307,2,1,140,0,0,0,24760960,0,0,140
ImNotAkane,308569,5,3,876,19,1,262735,61973145,52094,69,876
💗 GenshinImpact channel 💞,128568600,14,27,3,2,0,9389,75798,1958,0,3
Thinknoodles,451728742,12800000,7099,4105651,98369,3478,42278631,113459,105,0,4105651
PandaKot,422263815,202000,1913,178952,16575,551,16331475,313367,1124,0,178952
原神,148083278,318000,485,307066,7919,472,11260388,341565,341,0,307066
Rubhen925,489906851,555000,7118,467957,6092,426,21794480,298251,150,0,467957
Amethyst Plays Genshin Impact,25929838,46,45,2007,74,2,1520015,15433306,22053,15,2007
Nagai Genshin,108052744,39,27,954,36,1,490297,8652731,12654,8,954
ElevenZ Gaming,120266603,316000,1189,422438,18883,156,1589232,472873,819,0,422438
Genshin Impact HD,342777535,12,58,12,1,1,599763,353728,1142,29,12
Zhongli's Realm,269738627,34200,249,10497,467,213,1395095,108569,187,2,10497
New life with genshin impact ,17596055,3,1,9,2,0,0,1061184,9139,0,9
HiroisLive,290395637,71500,876,20587,1169,136,4638733,101848,224,0,20587
Zannir,174740883,369000,246,1312725,101978,999,11055055,1258394,3788,0,1312725
M’s Genshin Impact Adventure,159490506,11,50,100,3,1,5673084,3215709,3738,31,100
Genshin Impact Korean Dub (Discontinued),115420414,15,66,57,1,0,917065,1344166,913,0,57
Soran_Channel,152673991,17100,128,16943,1082,75,4959586,350480,867,1,16943
Genshin Impact Denmark,140523428,6,12,53,4,0,1561901,3124597,9139,0,53
ARMDUN,355509510,41200,1189,38243,911,103,4341121,328340,303,0,38243
Genshin News,96144437,1,3,0,0,0,0,0,0,0,0
Slick,349252115,9060,1182,73900,3841,72,8552900,2885264,5811,2,73900
Handa SzK,134196248,30,10,143,6,0,426070,1686103,2741,0,143
Total Genshin Impact,105628056,5,12,145,5,0,3705994,10258112,13709,0,145
Hatake Fox,185804266,24800,192,16389,1118,200,10286592,233760,618,2,16389
Avky Channel,440371468,546,90,1579,81,8,14742161,1022960,2033,5,1579
Rentaro Galon,11384082,61,74,76,4,0,645947,440710,898,0,76
OverMos Channel,161377215,57100,2768,5865,87,32,16524482,36333,20,0,5865
Vanilla Impact,145555619,377000,2785,105772,3294,199,3427918,99242,119,0,105772
AoDzTo - อ๊อดโตะ,159727245,114000,1218,81000,2851,68,13392096,251333,342,0,81000
DeusAuri,103880069,1160,32,5351,255,24,4642781,1631722,3013,7,5351
AetherNova,317486,4,3,3,0,0,67213,265296,0,0,3
Shimetsu,118411138,16100,1377,4403,175,23,1463582,96736,149,0,4403
Zy0x,354368893,860000,432,902673,45971,564,6728973,371279,732,0,902673
Genshin Impact 🔥,182013971,10,4,425,16,0,7402338,15033440,21934,0,425
Vfx Impact,231235,1,2,137,3,0,161139,48460736,41127,0,137
ShiruTV_,184237409,40000,1707,13257,679,28,9684580,117234,232,0,13257
Genshin Impact simp station,101430611,13,9,564,13,0,3422548,15346353,13709,0,564
Qiqi Genshin Impact,173117700,16200,871,38996,964,124,12758224,851480,815,2,38996
Bumi Bakudan,99666522,10300,1156,8862,215,17,4036897,304343,286,0,8862
MarcoMeatball,152503526,464000,1960,150253,8684,348,14107364,114544,256,0,150253
Mattjestic MultiGaming,207241331,246000,1417,81329,1751,195,6673993,116944,97,0,81329
GENSHIN IMPACT TV,130262514,3,3,62,2,0,222531,7310378,9139,0,62
ennieee,443598195,23200,289,105784,10015,88,12177041,1612877,5917,1,105784
SharkH3art,152068679,109000,487,362094,11299,468,10271196,1175071,1421,1,362094
antonychenn,173321831,1650000,330,734305,52059,528,10847678,157420,432,0,734305
Noah,7826384,38,19,1568,51,5,578285,14595934,18398,45,1568
genshin channel,94848614,19,0,0,0,0,0,0,0,0,0
How to Genshin Impact,125673001,2,12,82,0,0,27437,14502848,0,0,82
Wolfesempai89,50623334,354,42,1026,36,2,2779779,1025211,1394,1,1026
Kekvin,153322934,170000,1262,134542,4622,149,10567163,279948,372,0,134542
Mista Genshin,42671711,2190,204,6570,235,24,1180397,1061184,1471,3,6570
Dikshant Nagpure,98022,1,3,85,2,0,3701,30066880,27418,0,85
Peaarl - Genshin Impact,177708694,15,4,21,3,6,1108644,495219,2741,139,21
Voltyea,136601121,205000,515,155975,4462,205,8630452,269135,298,0,155975
Zibai Impact ,220065,1,2,18,1,0,2103,6367104,13709,0,18
Barbruh,150134736,219,19,29194,2239,49,13869203,47154042,140157,77,29194
Ley,113767290,281,16,8524,855,14,5313823,10730168,41712,17,8524
Susu Stories,280501442,35300,3421,5148,193,13,6488691,51586,74,0,5148
Honkai: Star Rail,149966436,2710000,721,9416166,194932,4553,7363203,1229063,986,0,9416166
원신,217020391,313000,2003,52424,1648,68,9045607,59245,72,0,52424
More Xlice,144049724,25700,434,8098,290,16,1177732,111458,154,0,8098
Zenith88,1748686,1,6,5,1,0,0,1768640,13709,0,5
Spiral Jaden,332788426,60200,591,12213,378,72,5675849,71762,86,0,12213
Yu-Peng Chen - Topic,305746260,64400,1720,0,0,0,0,0,0,0,0
TheFernanxd,334330317,6670,124,27064,791,82,11046315,1435276,1625,4,27064
Karenzz,73600078,95900,3015,691321,29424,286,2513314,2549943,4206,1,691321
ZURIN._XZ,370087,19,9,1538,57,8,43741,28633350,41127,146,1538
Hu Tao Genshin Impact 75,100122510,18,39,263,8,3,1030714,5168359,6092,58,263
SanaiTV,266712335,2670,106,1691,128,8,7327407,224027,657,1,1691
Genshin Impact Wishes,148714929,466,145,4209,111,4,3506296,3194938,3265,2,4209
Zlime - GENSHIN IMPACT ,183497861,11,13,39,1,0,635430,1254126,1246,0,39
Zajef Daily,111459117,39500,500,37328,1343,221,4298399,334277,466,1,37328
Genshin Impact Guides,171564683,19,4,1210,17,2,328143,22526888,12265,36,1210
Genshin Impact Video,165117795,6,10,34,1,0,339669,2004458,2284,0,34
Deburin | Genshin Impact,334577313,426,1529,716,12,1,11492906,594528,386,0,716
MasMas Genshin,185430524,706,609,777,15,4,5696032,389301,291,1,777
Ethobot,320758716,8670000,1434,5877639,182524,888,17822771,239802,288,0,5877639
Bluu's Teyvat TV,219362,32,1,121,18,4,0,1337534,7711,43,121
Streetwise Rhapsody,514157964,143000,3807,64637,1734,286,1613895,159887,166,0,64637
BettyBear Official,177471019,101000,608,75609,3697,72,11650686,264802,501,0,75609
BroX,177619529,82900,1023,101307,2988,83,6405137,432269,494,0,101307
cait,100760206,27200,306,49582,2016,138,6556055,644799,1016,1,49582
DukTV,310465692,356000,1125,273395,21690,269,3495797,271650,835,0,273395
Kokobear,398890066,147000,964,173922,9134,513,9812356,418510,851,1,173922
Lumine Genshin Impact,4152153,62,36,1643,50,4,357322,9373792,11055,22,1643
Moga,339716818,563000,2401,248293,12793,245,6779291,156000,311,0,248293
Top Genshin Impact Plays,155143699,333,18,5339,87,2,4828700,5671332,3581,2,5339
Kewer天龍,147791263,2460,686,12180,905,15,6385843,1751384,5043,2,12180
AK Genshin,9132916,4,10,722,0,3,106174,63847904,0,261,722
Big Genshin Brother,70701722,7330,27,51314,3078,211,7639211,2476289,5756,10,51314
Serokai,80507242,24300,92,93724,4478,219,3965892,1364312,2526,3,93724
ozikoto,367015900,265000,3846,43638,1113,122,20206543,58248,57,0,43638
MoriKitchen,178985721,542000,214,87659,4960,53,4943999,57209,125,0,87659
Orz - Genshin Impact,162648043,2360,231,8704,286,7,17654833,1304596,1661,1,8704
yabgitulahh,281632276,624,22,7618,333,18,2950034,4318429,7315,10,7618
MonsterGaming,288572466,139000,680,182929,7130,497,20076154,465518,703,1,182929
Author203 [Genshin Impact Livestream],207140123,29,170,15,2,0,11827321,182962,945,0,15
ECHO 101,140714222,39500,2028,78029,2456,32,2528035,698760,852,0,78029
random_Clips_5,149796,1,3,13,0,0,45937,4598464,0,0,13
Zani No.1 Fan,43363730,19,18,1872,44,2,691409,34851516,31747,36,1872
UrbanQuestCos,2613259,44,25,1139,21,0,200028,9156731,6542,0,1139
🌙Alice🌙,307271,9,6,0,0,0,0,0,0,0,0
GambleWithGrimm,32653034,45,0,0,0,0,0,0,0,0,0
Gw kings Gaming,501534,5,2,14,0,5,0,990438,0,348,14
arlecchino Impact,77897928,53900,152,28070,66,173,1814000,184214,16,1,28070
Zy0x Archives,299892380,25700,468,19594,495,68,5857638,269686,264,0,19594
Shiya,110729333,1700,2,0,0,0,0,0,0,0,0
Cwack on Crack,131385378,199000,2577,304579,11687,240,12086600,541397,805,0,304579
Toon Tv Ai,39886747,188,228,282,9,0,1327093,530592,656,0,282
AsianGuyStream,173379556,406000,603,481913,22020,681,23379302,419867,743,0,481913
Beginner's Guide to Genshin Impact,50522514,4,32,9,0,1,456203,795888,0,87,9
Wise Cat Gaming,136090582,165000,1696,2234369,67437,465,6433684,4790053,5602,0,2234369
Genshin Impact Channel 🧣🎮,188649056,28,0,0,0,0,0,0,0,0,0
DESTROYER GAMING,2410740,12,12,3,0,0,88068,88432,0,0,3
Genshin Impact Android ,245802494,6,10,7,2,0,98240,412682,4569,0,7
cowhe,515469,3,2,372,2,0,45314,43862272,9139,0,372
Rinju Channel,333300995,21300,163,1222915,35525,1406,10885708,20308886,22864,22,1222915
Nottran,285558732,10,26,359,6,0,5623194,12698835,8225,0,359
Genshin Editor Channel ,49388430,32,79,124,4,0,2430711,1370696,1713,0,124
Nux Taku,367294060,1970000,1387,210297,16199,1005,11233123,37760,112,0,210297
Genshin Impact Productions,80216644,56,1,3716,140,8,0,23472379,34272,49,3716
Genshin Impact World Game,22016193,2,8,403,5,1,94738,71276192,34272,174,403
Yazuka Impact,49411154,7540,654,3665,60,39,791321,171938,109,1,3665
NoPayLegend,26641647,15,53,230,0,0,383756,5423829,0,0,230
genshin impact videos ,23185253,1,9,55,1,1,122486,19455040,13709,348,55
TherapistKitty1106,145374883,18,12,830,12,0,94625,16310791,9139,0,830
Genshin impact 446 ,21756177,3,13,393,6,1,926547,46338368,27418,116,393
ShinMe Channel,391180588,15300,1460,3526,148,14,16694797,81519,132,0,3526
Richellyna,139626488,115000,772,88317,6737,214,10251603,271653,803,0,88317
Noirr,230747164,4630,128,13214,341,53,3629041,1009538,1009,3,13214
Topi Sihir Animation,225380958,1520000,122,2502755,70515,3262,10570253,582430,635,0,2502755
Genshin Impact - Miliastra Wonderland,26614133,84000,95,28869,1111,136,1846796,121568,181,0,28869
Knowing Genshin Channel,136477897,1,7,36,1,0,57002,12734208,13709,0,36
Invi,99920363,16200,141,13642,886,86,6652399,297873,749,1,13642
Genshin Impact Jane,95420076,13,49,26,1,0,365466,707456,1054,0,26
Aiynao,179322479,39700,738,18852,1472,122,11586341,167971,508,1,18852
Big Guap - Genshin Impact,188778833,2,1,33,5,5,0,5836512,34272,870,33
Panelao,31693893,52,10,2108,168,6,1105161,14339588,44290,40,2108
Nyafu* _ Genshin,234374564,11,38,128,2,1,1459079,4116107,2492,31,128
sazanka / Game Sound Channel,43431026,54,46,75,1,0,1411200,491288,253,0,75
𝕯𝖗𝖊𝖝𝖙𝖆𝖗,51834536,77,53,700,22,0,2766510,3215709,3916,0,700
Genshin Impact Quest Archive,183660484,16900,731,6321,66,10,3454755,132302,53,0,6321
Genshin impact girl,279981023,29,2,52,6,2,40,634270,2836,24,52
Genshin Impact Unofficial,116054451,47,10,60,3,1,1414210,451567,875,7,60
Natlan Diluc,146401670,8680,544,217680,5896,247,3024755,8870911,9312,9,217680
Genshin world channel,105494721,60,17,345,13,0,83908,2033936,2970,0,345
NFTKate's Genshin Impact World,102802474,2,37,8,0,0,293921,1414912,0,0,8
Shonyx,324868907,936000,1124,59926,2499,366,5520659,22646,36,0,59926
Dude Game,296580361,59700,788,35069,1270,207,6327003,207787,291,1,35069
TVRose,165116974,10300,76,32600,1186,76,5413997,1119566,1578,2,32600
Diamond Impact,337633188,9290,272,68867,1507,173,10721143,2622194,2223,6,68867
Jello Impact,513481587,124000,716,69371,2799,548,8785346,197890,309,1,69371
Genshin Chronicles,64161065,21,125,1018,26,0,415198,17147385,16973,0,1018
Mrcasual ,182149309,117000,1071,36901,2987,149,4713251,111563,349,0,36901
The Gamer Chronicles,273771612,65100,275,53254,2026,259,4264445,289361,426,1,53254
F2P Genshin Impact,133970126,734,841,706,18,5,11642528,340234,336,2,706
Flex Genshin,174214624,18200,118,30915,1870,90,16691284,600851,1408,1,30915
SekouSaka,147484147,794,43,1631,15,1,3363193,726612,258,0,1631
Togekon,158457541,43500,108,133992,5766,97,6393920,1089579,1817,0,133992
Plathong Ch.,264610833,186000,3446,134975,6036,136,10141389,256690,444,0,134975
Max0r,369567467,1560000,100,5099754,176984,7424,23774450,1156362,1555,1,5099754
hazel,45323711,250,81,21584,793,62,2131231,30539460,43484,86,21584
申鶴 Shenhe,94597455,37400,1065,13243,387,44,681600,125251,141,0,13243
Doro44,145847972,1000000,1388,1264114,98156,900,5947605,447152,1345,0,1264114
FrappleSenseii,134643828,25800,60,227462,6891,227,7678986,3118592,3661,3,227462
MurderofBirds Impact,147216490,83500,835,62820,3262,419,7864243,266122,535,1,62820
Kazami Jump - Gaming channel,65456432,56,51,455,7,1,4217602,2874040,1713,6,455
Genshin Impact - Astra Carnival,123897289,61300,247,111307,1825,33,7745602,642290,408,0,111307
Lethos,148359971,85,8,4626,112,11,294937,19251126,18063,45,4626
Toma超想吃番茄,332362027,81500,63,372790,23516,258,5348802,1617990,3955,1,372790
Moon,115266198,80600,914,5591,359,54,1070999,24537,61,0,5591
Poce Of Liyue,133110689,1470,177,2760,82,18,1323854,664142,764,4,2760
Genshin Impact US,225567791,62,4,896,28,1,6683778,5111940,6191,5,896
genshin impact guide,142947376,5,8,3,0,0,113237,212236,0,0,3
Genshin Impact quest ,102022435,21,12,15,6,0,303798,252662,3916,0,15
GENSHIN IMPACT PLAYING,20092749,97,25,2693,8,0,1759010,9820510,1130,0,2693
Saintontas,60587010,97200,1663,39649,1876,575,3561699,144289,264,2,39649
2y0x,95632575,163000,306,119070,6034,181,6745943,258395,507,0,119070
Shiloh & Bros Gaming,46691063,379000,47,0,0,0,0,0,0,0,0
Genshin Impact Voicelines,112398371,2,9,289,3,0,1672412,51113696,20563,0,289
Royalty Gaming,176467225,7660000,177,9642150,163106,1658,20426892,445260,291,0,9642150
Genshin,8240631,7,11,1710,22,2,181446,86410697,43085,99,1710
DIMSK,278870385,308000,231,224292,10293,576,10695843,257592,458,0,224292
⭐️𝐋𝐈𝐘𝐔𝐄,6333485,10,27,789,27,0,499652,27909139,37014,0,789
Genshin Guide,168383163,32,13,3140,64,4,5836015,34709560,27418,43,3140
BrodyAnimates,390444702,2810000,114,8177683,315514,5019,13109133,1029421,1539,0,8177683
Genshin Impact தமிழ் ,85171087,22,46,408,2,0,390135,6560046,1246,0,408
Genshin Impact tv,85854248,2,1,52,3,0,0,9196928,20563,0,52
Ira🧁,127683497,384,14,4500,277,10,7280945,4145250,9889,9,4500
Whize Ngopskuy,316903541,137000,6213,52195,2540,198,11288080,134765,254,0,52195
CosmosZR,401331608,147000,213,96682,7079,1032,3995859,232647,660,2,96682
 🌸 Cherry Uzumaki 🌸,145890948,5,45,21,0,0,109708,1485657,0,0,21
Genshin Impact Türkçe,139069323,8,4,53,5,0,778251,2343448,8568,0,53
Bécon,408252612,95500,1600,128385,3361,90,4643111,475532,482,0,128385
Achevo,115569505,183000,310,209277,9903,256,9975007,404519,741,0,209277
Genshin Boy,95801820,45,27,4389,70,4,7302821,34500270,21325,30,4389
Tuonto,367029012,1510000,605,1678193,81216,1026,14783805,393128,737,0,1678193
Kiko,122225106,146000,1367,952331,57776,724,11776132,2307302,5425,1,952331
Cozy >ᴗ<,11648745,91,39,158,15,11,1067919,614165,2259,42,158
Albsterz,333097615,30400,1829,52735,2312,90,15639844,613613,1042,1,52735
Ayumi ۶ৎ,58020954,2690,49,3007,197,51,999525,395412,1003,6,3007
Genshin Impact Lore,197192745,1790,32,12213,1082,19,1650656,2413452,8286,3,12213
Genshin Impact Lofi - Topic,101718076,204,34,0,0,0,0,0,0,0,0
Ice Cream Sandwich,320646661,3730000,59,7125313,312038,13418,37992809,675716,1146,1,7125313
sharkilly-churl,14814990,1070,36,2258,152,23,1608796,746465,1947,7,2258
GENSHIN NETWORK ,62706324,3390,774,70209,2075,50,3484883,7325926,8391,5,70209
RedVelvetVA,273220789,110000,230,734678,37890,669,6489596,2362510,4722,2,734678
Togi genshin,15114242,3,5,1069,0,3,151991,126045077,0,348,1069
Kage PrimeX,9915733,6,1,10206,0,24,0,601691328,0,1392,10206
Jadealy,125052507,343000,675,222765,11058,330,4179924,229732,441,0,222765
GenJhin's Genshin Impact Guides,162076225,1040,350,634,0,2,7315254,215638,0,0,634
Visible,369631017,322000,87,1259702,91195,1394,13218300,1383825,3882,1,1259702
Suli,144210355,117000,1308,30639,797,192,15552496,92631,93,0,30639
さいとうなおき2,96199479,812000,622,231361,10044,170,5107202,100786,169,0,231361
Sparkling K,269080159,313,12,240,6,1,7688112,271229,262,1,240
huongkhvn crochet,454033051,19300,337,3235,132,9,8047751,59290,93,0,3235
BigGaming64,223348015,974000,1047,513710,22573,207,16776655,186564,317,0,513710
Bluu224,136459792,11300,642,8312,246,16,1845604,260193,298,0,8312
Genshin Impact & Chill,58484345,18,554,4,0,0,4517049,78606,0,0,4
KIERU,129722673,164000,15,3561247,134059,1700,12481547,7681175,11206,3,3561247
Team Bangkit Malaysia,261566477,716000,507,109587,4495,248,18388674,54139,86,0,109587
No_Tables,125011386,267000,64,1313663,56798,899,9418916,1740372,2916,1,1313663
Genshin Impact Gamer,93531853,21,310,8,1,0,981805,134753,652,0,8
CatWithBlueHat,322702982,399000,696,479438,30349,998,4895174,425039,1042,0,479438
Nythr1x,1925662,12,21,146,3,0,57354,4303690,3427,0,146
bennettarcontepyro,213867419,70700,3867,26799,3206,155,7962075,134081,621,0,26799
Genshin impact Tv,148046659,10,6,11,2,0,70347,389100,2741,0,11
Raiyeiji Genshin Impact,188069665,13900,584,10093,403,96,2389591,256847,397,2,10093
Dar,130236165,76,14,3332,66,8,1708201,15508180,11905,36,3332
Genshin Media Channel,465186380,792,29,12565,375,13,1630153,5611858,6491,5,12565
~KAYO,808188,26,13,0,0,0,0,0,0,0,0
Squasha Streams,387804448,181000,846,9723,261,23,3801600,19001,19,0,9723
Zach Aguilar,317247080,464000,122,789514,53944,1797,13599488,601881,1593,1,789514
Neazho,238604413,160000,1607,58482,2513,103,16408015,129292,215,0,58482
Sonius - Genshin Impact,193049970,17700,1108,24502,172,39,1383654,489663,133,0,24502
Kinkle,406784253,69600,1138,1100923,38114,390,1504761,5595219,7507,1,1100923
西園チグサ / Nishizono Chigusa,196020828,682000,2675,268120,13563,72,10024658,139063,272,0,268120
genshin impact dtvinh,172306857,75,42,1097,6,1,15466169,5173861,1096,4,1097
Aliciaxdeath,135208256,347000,1455,59777,2637,222,4826975,60936,104,0,59777
HookHuukGaming,187468030,170000,3462,50321,1530,26,9397808,104705,123,0,50321
Teyvat Tribune,43300902,19600,164,16161,576,81,1544846,291663,402,1,16161
Anhktay,249181193,615000,477,61130,1572,62,1113807,35159,35,0,61130
Anigami,178590997,73700,152,150657,6703,224,193475,723088,1246,1,150657
Kú Đêm Gamer,380147199,157000,1973,31584,685,165,7018315,71160,59,0,31584
SeyonGod,112882548,23600,109,1359339,21828,182,9359997,20374418,12679,2,1359339
MatraS - Genshin Impact,127413566,33,23,341,8,5,173399,3655189,3323,52,341
taNNa,141615359,293000,679,216635,16126,286,10204941,261535,754,0,216635
M0rik3,3627955,34,21,1486,43,1,138963,15459994,17337,10,1486
Genshin Impact,100730741,3,2,146,5,0,10794,17214762,22848,0,146
KQM ,165510960,45100,109,43383,2011,169,16302276,340261,611,1,43383
Mishka Rae,297983277,36100,9312,37903,760,72,20596613,371394,288,0,37903
AxeSAY,289663226,473000,972,188409,7503,396,5509996,140899,217,0,188409
Kaitlyn Flames,243359205,1160000,54,4071321,121619,10987,25385247,1241500,1437,3,4071321
Hamelin_哈米伦的弄笛者,183681076,566000,112,2056192,86217,1277,15263507,1285040,2088,0,2056192
♡-NeoCream-♡ ,16023647,86,12,1199,35,11,1369037,4931626,5579,44,1199
Kunitake Lyre,52599,1,1,17,3,2,0,6013376,41127,696,17
Genshin Wade,132829538,80,20,193,11,0,3825788,853368,1884,0,193
Genshin Impact lol,189978645,18,3,93,4,0,7118,1827594,3046,0,93
ON Game,283084101,389000,3725,150052,7736,307,6923762,136446,272,0,150052
Ame / Yū 🥀,24907256,534,326,2152,69,7,2537063,1425510,1771,4,2152
Genshin Impact Clips,172495542,2,2,100,2,0,173503,17686400,13709,0,100
Cosplayer in the World,404637,17,14,964,8,0,48888,20058458,6451,0,964
Finana Ryugu 【NIJISANJI EN】,156658382,477000,1292,63403,4157,60,7505509,47017,119,0,63403
Sekapoko - Genshin Impact,175233244,124000,604,144035,10183,146,14108218,410880,1125,0,144035
Brooke♡,77099103,3170,0,0,0,0,0,0,0,0,0
CY YU VODS,189748994,556000,3146,674262,64949,384,9719555,428966,1601,0,674262
Hina Impact,85785117,1200,214,16181,1499,40,5973528,4769727,17124,11,16181
`•Diluc genshin impact`•,11040619,2,1,1132,21,0,0,200210048,143944,0,1132
Проходження Genshin Impact,14034138,3,136,328,4,0,247666,38674261,18278,0,328
Zenon || Lohen's #1 Fan,8071476,20,9,73,2,2,812124,1291107,1370,34,73
TomFront,281660381,2400,270,6406,253,8,8723479,944158,1445,1,6406
Darkos88,309395712,112000,1030,594116,41495,1053,5676233,1876388,5079,3,594116
Fayato,141582160,24700,881,84115,4180,180,11233144,1204608,2319,2,84115
Aspect - Genshin Impact,173804866,7,1,175,8,2,0,8843200,15667,99,175
The Unlikely Genshin Gamer,109001551,13500,75,36705,1666,188,10314435,961747,1691,4,36705
Sirocco | Genshin Impact,5726656,2,151,16,0,0,470707,2829824,0,0,16
R0ixy Dragony,339350581,256000,7697,11376,303,110,12017011,15718,16,0,11376
Eakes,202367513,147000,605,314533,10499,534,6239199,756864,979,1,314533
Genshin impact channel yt,141768915,2,1,18,4,5,0,3183552,27418,870,18
Lohen Archive,632355,1,1,99,1,0,0,35019072,13709,0,99
Mocca Impact,174036874,4820,56,20989,557,121,4121603,1540331,1584,8,20989
Dominiku,98908057,4500,49,38039,1607,26,1931390,2990102,4895,2,38039
Sagi,355074320,79000,1264,19554,1091,56,20494688,87554,189,0,19554
XiaoTao,130224510,97500,547,75027,2687,169,7603002,272196,377,0,75027
Lili,168228254,18,39,3,0,0,401712,58954,0,0,3
𝙏𝙃𝙀 𝙆𝙉𝘼𝙑𝙀⚔︎,129183,7,4,0,0,0,0,0,0,0,0
